following_username,followers_Username
"DC Titans
@DCTitans
Follow
it all ends in blood. the final episodes of #dctitans premiere on april 13, only on
@hbomax
.","Sandy Robinson
@SandyRo58228083
Follow"
"David F. Sandberg
@ponysmasher
Follow
Directed Shazam 1 & 2/Annabelle Creation/Lights Out. Creates with
@lottalosten
. YouTube: http://youtube.com/ponysmasher Where to find me: http://ponysmasher.social","Mayank Yadav
@Mayankyadav06
Follow"
"Ben Affleck
@BenAffleck
Follow
Actor, Writer, Director & Producer
@PearlStreet
Films
@EasternCongo
Initiative","Anuj
@about_Anuj
Follow
Our curiosity is the essence of our existence. Full stack Developer || Leetcoder"
"DC Universe
@TheDCUniverse
Follow
DC Universe is the ultimate DC membership. This first-of-its-kind, digital experience was created just for DC fans.","Vikash Kumar
@kumar_vi_kash
Follow"
"Zack Snyder
@ZackSnyder
Follow","Janet
@midochess
Follow
Married Trade Expert forex/Binary/Bitcoin Investment Crypto currency Trading Cheerful Account Manager Financial Adviser"
"Snyderverse
@DCFUnited
Follow","Yukt Kataria
@KatariaYukt
Follow"
"Rishi Kapoor
@chintskap
Follow
I do not think people are understanding.Any joke,barb, comment on my life style, that will make me block you. Now up to you!","Adarsh
@me_adarsh009
Follow
Astronaut in the ocean."
"zaheer khan
@ImZaheer
Follow
Cricketer | Fitness Enthusiast | Owner of ProSport Fitness| ZaheerKhan’S Hospitality | Cheese Cake Lover| Love Mumbai |","Shivam Sood
@SoodX21
Follow
Web development ReactJs | Data Structures | C++ | Looking for opportunities | What's your excuse?"
"Yuvraj Singh
@YUVSTRONG12
Follow
YouWeCan","Uttkarsh Singh
@uttkarsh_581
Follow
{ ~Learn ~Code ~Ship } Baller NITJ'23 Find more about me at http://uttkarshsingh.tech http://linkedin.com/in/uttkarsh-si…"
"Fortis Healthcare
@fortis_hospital
Follow
Advanced healthcare services for you.","Komal Kumari
@KomalKu43626988
Follow
void"
"Beebom
@beebomco
Follow
Beebom covers technology news, reviews and produce quality tech videos. http://youtube.com/@beebomco","Rajat Rajput
@imrajat_rajput
Follow
How you doin ? #F.R.I.E.N.D.S #potterhead"
"Unbox Therapy
@UnboxTherapy
Follow
Where products get naked.","Tushar Birdi
@TusharBirdi
Follow
NITJian || Flutter developer || Likes to read"
"Technical Guruji
@technicalgruji
Follow","Lucas_dark
@Lucasda31330051
Follow
just one of ongoing student of a sacred psychs family who have the power to connect. click link to join our team on telegram https://t.me/mushroomtrippysociety…"
"Sunil Grover
@WhoSunilGrover
Follow
at home, washing hands with soap","Redefine care and don’t care
@boreddictator
Follow
@mikepompeo
tried to cancel me"
"Ajey Nagar
@CarryMinati
Follow
Dumb Things","Rahul Singh
@am_singhrahul
Follow
Student : athlete ::: NCC Cadet : Indian army aspirant : Books, music, films"
"Bhuvan Bam
@Bhuvan_Bam
Follow
Youtuber at BB Ki Vines, actor, musician and ambitious ladka!","Buhari Iliyasu
@BuhariIliyasu3
Follow
Empowering Creatives To Handle Business On Blogging And HTML,JAVA,CSS,C++,PHYTON,JAVASCRIPT | And already I am a C.EO At http://Gusauloaded.Ga By Following.And method"
"Virat Kohli
@imVkohli
Follow
A proud husband and father",
"Rohit Sharma
@ImRo45
Follow",
"Tanmay Bhat
@thetanmay
Follow
Comedian, YouTuber, Investor, building
@superteamdao",
"All India Bakchod
@AllIndiaBakchod
Follow
Making cool shit for young India Chintu Ka Birthday now streaming (Link below)",
"Deepika Padukone
@deepikapadukone
Follow",
"Sachin Tendulkar
@sachin_rt
Follow
Proud Indian | Founder
@STF_India",
"WWE WrestleMania
@WrestleMania
Follow
#WrestleMania 39 Goes Hollywood",
